jornada,date,time,team_a,team_b,score_a,score_b,venue,referee
Jornada 1,29/09/2018,09:30,NOROESTE - LAS ROZAS,A.D. COLLADO MEDIANO,1,5,,
Jornada 1,29/09/2018,16:00,C.D. TENIS DE MESA RIVAS,A.D.T.M. LEGANES,0,6,,
Jornada 1,29/09/2018,17:00,CLUB DEPORTIVO HUETOR VEGA TENIS DE MESA,CORTIJO LA MATANZA LA ZUBIA,4,2,,
Jornada 1,29/09/2018,17:00,ASSSA ALICANTE TM,CTM MURCIA DEICOMUR,4,2,,
Jornada 1,30/09/2018,11:30,CLUB TENIS DE MESA MÓSTOLES,SAN SEBASTIAN DE LOS REYES,5,1,,
Jornada 2,06/10/2018,17:00,SAN SEBASTIAN DE LOS REYES,C.D. TENIS DE MESA RIVAS,1,5,,
Jornada 2,06/10/2018,17:00,IMATEC GABINETES RADIOLOGICOS CARTAGENA,CTM MURCIA DEICOMUR,4,3,,
Jornada 2,06/10/2018,17:30,A.D. COLLADO MEDIANO,A.D.T.M. LEGANES,2,4,,
Jornada 2,07/10/2018,11:30,CLUB TENIS DE MESA MÓSTOLES,NOROESTE - LAS ROZAS,4,3,,
Jornada 2,07/10/2018,12:00,FUNDACION CAJASOL HISPALIS,CORTIJO LA MATANZA LA ZUBIA,6,0,,
Jornada 3,13/10/2018,11:00,IMATEC GABINETES RADIOLOGICOS CARTAGENA,CLUB TENIS DE MESA MÓSTOLES,4,2,,
Jornada 3,13/10/2018,11:00,SAN SEBASTIAN DE LOS REYES,FUNDACION CAJASOL HISPALIS,5,1,,
Jornada 3,13/10/2018,16:00,C.D. TENIS DE MESA RIVAS,FUNDACION CAJASOL HISPALIS,2,4,,
Jornada 3,13/10/2018,17:30,A.D. COLLADO MEDIANO,CLUB DEPORTIVO HUETOR VEGA TENIS DE MESA,1,5,,
Jornada 3,13/10/2018,18:00,ASSSA ALICANTE TM,CLUB TENIS DE MESA MÓSTOLES,4,2,,
Jornada 3,14/10/2018,11:00,NOROESTE - LAS ROZAS,CLUB DEPORTIVO HUETOR VEGA TENIS DE MESA,2,4,,
Jornada 3,14/10/2018,11:00,CTM MURCIA DEICOMUR,CLUB TENIS DE MESA MÓSTOLES,3,4,,
Jornada 3,14/10/2018,12:00,A.D.T.M. LEGANES,FUNDACION CAJASOL HISPALIS,4,2,,
Jornada 4,20/10/2018,11:00,CORTIJO LA MATANZA LA ZUBIA,ASSSA ALICANTE TM,2,4,,
Jornada 4,20/10/2018,16:00,NOROESTE - LAS ROZAS,SAN SEBASTIAN DE LOS REYES,2,4,,
Jornada 4,20/10/2018,17:00,CLUB DEPORTIVO HUETOR VEGA TENIS DE MESA,ASSSA ALICANTE TM,2,4,,
Jornada 4,20/10/2018,17:30,A.D. COLLADO MEDIANO,CLUB TENIS DE MESA MÓSTOLES,2,4,,
Jornada 4,21/10/2018,12:00,FUNDACION CAJASOL HISPALIS,ASSSA ALICANTE TM,2,4,,
Jornada 4,01/12/2018,20:00,A.D.T.M. LEGANES,CTM MURCIA DEICOMUR,2,4,,
Jornada 4,02/12/2018,11:00,C.D. TENIS DE MESA RIVAS,CTM MURCIA DEICOMUR,2,4,,
Jornada 5,27/10/2018,17:00,SAN SEBASTIAN DE LOS REYES,A.D.T.M. LEGANES,3,4,,
Jornada 5,27/10/2018,19:00,IMATEC GABINETES RADIOLOGICOS CARTAGENA,A.D. COLLADO MEDIANO,4,3,,
Jornada 5,28/10/2018,10:30,CTM MURCIA DEICOMUR,A.D. COLLADO MEDIANO,4,2,,
Jornada 5,28/10/2018,11:30,CLUB TENIS DE MESA MÓSTOLES,C.D. TENIS DE MESA RIVAS,4,3,,
Jornada 5,28/10/2018,12:00,FUNDACION CAJASOL HISPALIS,CLUB DEPORTIVO HUETOR VEGA TENIS DE MESA,4,2,,
Jornada 6,27/10/2018,10:30,IMATEC GABINETES RADIOLOGICOS CARTAGENA,NOROESTE - LAS ROZAS,4,3,,
Jornada 6,27/10/2018,17:00,CTM MURCIA DEICOMUR,NOROESTE - LAS ROZAS,4,2,,
Jornada 6,10/11/2018,17:00,CLUB DEPORTIVO HUETOR VEGA TENIS DE MESA,C.D. TENIS DE MESA RIVAS,4,2,,
Jornada 6,11/11/2018,11:00,CORTIJO LA MATANZA LA ZUBIA,C.D. TENIS DE MESA RIVAS,4,3,,
Jornada 6,11/11/2018,12:00,A.D.T.M. LEGANES,CLUB TENIS DE MESA MÓSTOLES,2,4,,
Jornada 6,18/11/2018,11:00,ASSSA ALICANTE TM,A.D. COLLADO MEDIANO,5,1,,
Jornada 7,17/11/2018,16:00,A.D. COLLADO MEDIANO,CORTIJO LA MATANZA LA ZUBIA,4,2,,
Jornada 7,17/11/2018,17:00,SAN SEBASTIAN DE LOS REYES,CLUB DEPORTIVO HUETOR VEGA TENIS DE MESA,3,4,,
Jornada 7,18/11/2018,11:30,CLUB TENIS DE MESA MÓSTOLES,CLUB DEPORTIVO HUETOR VEGA TENIS DE MESA,4,3,,
Jornada 7,18/11/2018,12:00,NOROESTE - LAS ROZAS,CORTIJO LA MATANZA LA ZUBIA,4,3,,
Jornada 7,18/11/2018,12:00,A.D.T.M. LEGANES,IMATEC GABINETES RADIOLOGICOS CARTAGENA,5,1,,
Jornada 7,18/11/2018,12:00,FUNDACION CAJASOL HISPALIS,CTM MURCIA DEICOMUR,1,5,,
Jornada 7,25/11/2018,11:00,C.D. TENIS DE MESA RIVAS,IMATEC GABINETES RADIOLOGICOS CARTAGENA,2,4,,
Jornada 8,28/10/2018,11:00,ASSSA ALICANTE TM,NOROESTE - LAS ROZAS,4,2,,
Jornada 8,24/11/2018,16:00,C.D. TENIS DE MESA RIVAS,A.D. COLLADO MEDIANO,2,4,,
Jornada 8,24/11/2018,17:00,CLUB DEPORTIVO HUETOR VEGA TENIS DE MESA,A.D.T.M. LEGANES,4,2,,
Jornada 8,24/11/2018,17:00,IMATEC GABINETES RADIOLOGICOS CARTAGENA,SAN SEBASTIAN DE LOS REYES,6,0,,
Jornada 8,25/11/2018,10:30,CTM MURCIA DEICOMUR,SAN SEBASTIAN DE LOS REYES,6,0,,
Jornada 8,25/11/2018,11:00,CORTIJO LA MATANZA LA ZUBIA,A.D.T.M. LEGANES,4,2,,
Jornada 9,01/12/2018,12:00,NOROESTE - LAS ROZAS,FUNDACION CAJASOL HISPALIS,2,4,,
Jornada 9,01/12/2018,12:00,C.D. TENIS DE MESA RIVAS,ASSSA ALICANTE TM,4,3,,
Jornada 9,01/12/2018,17:00,SAN SEBASTIAN DE LOS REYES,ASSSA ALICANTE TM,2,4,,
Jornada 9,01/12/2018,17:00,CLUB DEPORTIVO HUETOR VEGA TENIS DE MESA,IMATEC GABINETES RADIOLOGICOS CARTAGENA,1,5,,
Jornada 9,01/12/2018,18:00,A.D. COLLADO MEDIANO,FUNDACION CAJASOL HISPALIS,4,2,,
Jornada 9,02/12/2018,11:00,CORTIJO LA MATANZA LA ZUBIA,IMATEC GABINETES RADIOLOGICOS CARTAGENA,2,4,,
Jornada 9,02/12/2018,11:30,CLUB TENIS DE MESA MÓSTOLES,FUNDACION CAJASOL HISPALIS,4,2,,
Jornada 9,02/12/2018,12:00,A.D.T.M. LEGANES,ASSSA ALICANTE TM,2,4,,
Jornada 10,20/10/2018,18:00,CORTIJO LA MATANZA LA ZUBIA,CTM MURCIA DEICOMUR,2,4,,
Jornada 10,21/10/2018,11:00,CLUB DEPORTIVO HUETOR VEGA TENIS DE MESA,CTM MURCIA DEICOMUR,4,3,,
Jornada 10,15/12/2018,17:30,A.D. COLLADO MEDIANO,SAN SEBASTIAN DE LOS REYES,6,0,,
Jornada 10,16/12/2018,12:00,FUNDACION CAJASOL HISPALIS,IMATEC GABINETES RADIOLOGICOS CARTAGENA,2,4,,
Jornada 10,16/12/2018,12:00,A.D.T.M. LEGANES,NOROESTE - LAS ROZAS,6,0,,
Jornada 11,22/12/2018,16:00,NOROESTE - LAS ROZAS,C.D. TENIS DE MESA RIVAS,1,5,,
Jornada 11,22/12/2018,17:00,SAN SEBASTIAN DE LOS REYES,CORTIJO LA MATANZA LA ZUBIA,3,4,,
Jornada 11,22/12/2018,18:00,IMATEC GABINETES RADIOLOGICOS CARTAGENA,ASSSA ALICANTE TM,2,4,,
Jornada 11,23/12/2018,11:30,CLUB TENIS DE MESA MÓSTOLES,CORTIJO LA MATANZA LA ZUBIA,2,4,,
Jornada 12,12/01/2019,17:00,SAN SEBASTIAN DE LOS REYES,CLUB TENIS DE MESA MÓSTOLES,2,4,,
Jornada 12,12/01/2019,17:30,A.D. COLLADO MEDIANO,C.D. TENIS DE MESA RIVAS,2,4,,
Jornada 12,13/01/2019,10:30,CTM MURCIA DEICOMUR,IMATEC GABINETES RADIOLOGICOS CARTAGENA,4,3,,
Jornada 12,13/01/2019,11:00,CORTIJO LA MATANZA LA ZUBIA,CLUB DEPORTIVO HUETOR VEGA TENIS DE MESA,4,2,,
Jornada 12,13/01/2019,12:00,FUNDACION CAJASOL HISPALIS,NOROESTE - LAS ROZAS,4,2,,
Jornada 13,19/01/2019,16:00,C.D. TENIS DE MESA RIVAS,CLUB TENIS DE MESA MÓSTOLES,2,4,,
Jornada 13,19/01/2019,16:00,NOROESTE - LAS ROZAS,A.D.T.M. LEGANES,3,4,,
Jornada 13,19/01/2019,17:00,ASSSA ALICANTE TM,IMATEC GABINETES RADIOLOGICOS CARTAGENA,2,4,,
Jornada 13,20/01/2019,12:00,FUNDACION CAJASOL HISPALIS,SAN SEBASTIAN DE LOS REYES,5,1,,
Jornada 14,26/01/2019,17:00,ASSSA ALICANTE TM,CORTIJO LA MATANZA LA ZUBIA,5,1,,
Jornada 14,26/01/2019,17:00,SAN SEBASTIAN DE LOS REYES,NOROESTE - LAS ROZAS,5,1,,
Jornada 14,26/01/2019,18:00,IMATEC GABINETES RADIOLOGICOS CARTAGENA,CLUB DEPORTIVO HUETOR VEGA TENIS DE MESA,3,4,,
Jornada 14,27/01/2019,10:30,CTM MURCIA DEICOMUR,CORTIJO LA MATANZA LA ZUBIA,5,1,,
Jornada 14,27/01/2019,11:30,CLUB TENIS DE MESA MÓSTOLES,A.D. COLLADO MEDIANO,5,1,,
Jornada 14,27/01/2019,12:00,A.D.T.M. LEGANES,C.D. TENIS DE MESA RIVAS,4,2,,
Jornada 15,02/02/2019,10:30,CTM MURCIA DEICOMUR,A.D.T.M. LEGANES,2,4,,
Jornada 15,02/02/2019,17:00,CLUB DEPORTIVO HUETOR VEGA TENIS DE MESA,SAN SEBASTIAN DE LOS REYES,4,3,,
Jornada 15,02/02/2019,17:30,A.D. COLLADO MEDIANO,NOROESTE - LAS ROZAS,5,1,,
Jornada 15,02/02/2019,18:00,IMATEC GABINETES RADIOLOGICOS CARTAGENA,A.D.T.M. LEGANES,2,4,,
Jornada 15,03/02/2019,11:00,ASSSA ALICANTE TM,A.D.T.M. LEGANES,2,4,,
Jornada 15,03/02/2019,11:00,CORTIJO LA MATANZA LA ZUBIA,SAN SEBASTIAN DE LOS REYES,5,1,,
Jornada 15,03/02/2019,12:00,FUNDACION CAJASOL HISPALIS,C.D. TENIS DE MESA RIVAS,3,4,,
Jornada 16,09/02/2019,16:00,C.D. TENIS DE MESA RIVAS,CLUB DEPORTIVO HUETOR VEGA TENIS DE MESA,4,2,,
Jornada 16,09/02/2019,17:00,SAN SEBASTIAN DE LOS REYES,CTM MURCIA DEICOMUR,5,1,,
Jornada 16,09/02/2019,17:30,A.D. COLLADO MEDIANO,IMATEC GABINETES RADIOLOGICOS CARTAGENA,4,2,,
Jornada 16,10/02/2019,11:00,NOROESTE - LAS ROZAS,IMATEC GABINETES RADIOLOGICOS CARTAGENA,5,1,,
Jornada 16,10/02/2019,11:00,CORTIJO LA MATANZA LA ZUBIA,FUNDACION CAJASOL HISPALIS,0,6,,
Jornada 16,10/02/2019,11:30,CLUB TENIS DE MESA MÓSTOLES,CTM MURCIA DEICOMUR,3,4,,
Jornada 16,10/02/2019,12:00,A.D.T.M. LEGANES,CLUB DEPORTIVO HUETOR VEGA TENIS DE MESA,5,1,,
Jornada 17,23/02/2019,11:00,ASSSA ALICANTE TM,FUNDACION CAJASOL HISPALIS,2,4,,
Jornada 17,23/02/2019,17:00,SAN SEBASTIAN DE LOS REYES,A.D. COLLADO MEDIANO,4,2,,
Jornada 17,23/02/2019,17:00,CLUB DEPORTIVO HUETOR VEGA TENIS DE MESA,NOROESTE - LAS ROZAS,0,6,,
Jornada 17,23/02/2019,18:00,IMATEC GABINETES RADIOLOGICOS CARTAGENA,FUNDACION CAJASOL HISPALIS,1,5,,
Jornada 17,24/02/2019,10:30,CTM MURCIA DEICOMUR,FUNDACION CAJASOL HISPALIS,3,4,,
Jornada 17,24/02/2019,11:00,CORTIJO LA MATANZA LA ZUBIA,NOROESTE - LAS ROZAS,0,6,,
Jornada 17,24/02/2019,11:30,CLUB TENIS DE MESA MÓSTOLES,A.D.T.M. LEGANES,2,4,,
Jornada 18,02/03/2019,16:00,C.D. TENIS DE MESA RIVAS,NOROESTE - LAS ROZAS,4,2,,
Jornada 18,02/03/2019,17:00,CLUB DEPORTIVO HUETOR VEGA TENIS DE MESA,A.D. COLLADO MEDIANO,4,2,,
Jornada 18,03/03/2019,10:30,CTM MURCIA DEICOMUR,ASSSA ALICANTE TM,5,1,,
Jornada 18,03/03/2019,11:00,CORTIJO LA MATANZA LA ZUBIA,A.D. COLLADO MEDIANO,2,4,,
Jornada 18,03/03/2019,12:00,FUNDACION CAJASOL HISPALIS,CLUB TENIS DE MESA MÓSTOLES,3,4,,
Jornada 18,03/03/2019,12:00,A.D.T.M. LEGANES,SAN SEBASTIAN DE LOS REYES,4,3,,
Jornada 19,09/03/2019,16:00,C.D. TENIS DE MESA RIVAS,CORTIJO LA MATANZA LA ZUBIA,5,1,,
Jornada 19,09/03/2019,16:00,NOROESTE - LAS ROZAS,CLUB TENIS DE MESA MÓSTOLES,1,5,,
Jornada 19,09/03/2019,17:00,ASSSA ALICANTE TM,CLUB DEPORTIVO HUETOR VEGA TENIS DE MESA,5,1,,
Jornada 19,10/03/2019,10:30,CTM MURCIA DEICOMUR,CLUB DEPORTIVO HUETOR VEGA TENIS DE MESA,6,0,,
Jornada 19,10/03/2019,12:00,FUNDACION CAJASOL HISPALIS,A.D. COLLADO MEDIANO,3,4,,
Jornada 19,10/03/2019,12:00,A.D.T.M. LEGANES,CORTIJO LA MATANZA LA ZUBIA,5,1,,
Jornada 20,30/03/2019,11:00,NOROESTE - LAS ROZAS,ASSSA ALICANTE TM,2,4,,
Jornada 20,30/03/2019,16:00,C.D. TENIS DE MESA RIVAS,SAN SEBASTIAN DE LOS REYES,4,3,,
Jornada 20,30/03/2019,17:00,CLUB DEPORTIVO HUETOR VEGA TENIS DE MESA,FUNDACION CAJASOL HISPALIS,2,4,,
Jornada 20,30/03/2019,17:30,A.D. COLLADO MEDIANO,ASSSA ALICANTE TM,4,3,,
Jornada 20,30/03/2019,18:00,IMATEC GABINETES RADIOLOGICOS CARTAGENA,CORTIJO LA MATANZA LA ZUBIA,5,1,,
Jornada 20,31/03/2019,11:30,CLUB TENIS DE MESA MÓSTOLES,ASSSA ALICANTE TM,2,4,,
Jornada 21,06/04/2019,17:00,CLUB DEPORTIVO HUETOR VEGA TENIS DE MESA,CLUB TENIS DE MESA MÓSTOLES,1,5,,
Jornada 21,06/04/2019,17:00,ASSSA ALICANTE TM,SAN SEBASTIAN DE LOS REYES,6,0,,
Jornada 21,06/04/2019,18:00,IMATEC GABINETES RADIOLOGICOS CARTAGENA,C.D. TENIS DE MESA RIVAS,1,5,,
Jornada 21,07/04/2019,10:30,CTM MURCIA DEICOMUR,C.D. TENIS DE MESA RIVAS,1,5,,
Jornada 21,07/04/2019,11:00,CORTIJO LA MATANZA LA ZUBIA,CLUB TENIS DE MESA MÓSTOLES,0,6,,
Jornada 21,07/04/2019,12:00,A.D.T.M. LEGANES,A.D. COLLADO MEDIANO,5,1,,
Jornada 22,13/04/2019,16:00,NOROESTE - LAS ROZAS,CTM MURCIA DEICOMUR,0,6,,
Jornada 22,13/04/2019,17:00,ASSSA ALICANTE TM,C.D. TENIS DE MESA RIVAS,4,2,,
Jornada 22,13/04/2019,17:00,SAN SEBASTIAN DE LOS REYES,IMATEC GABINETES RADIOLOGICOS CARTAGENA,4,3,,
Jornada 22,14/04/2019,11:00,A.D. COLLADO MEDIANO,CTM MURCIA DEICOMUR,4,2,,
Jornada 22,14/04/2019,11:30,CLUB TENIS DE MESA MÓSTOLES,IMATEC GABINETES RADIOLOGICOS CARTAGENA,5,1,,
Jornada 22,14/04/2019,12:00,FUNDACION CAJASOL HISPALIS,A.D.T.M. LEGANES,2,4,,
